"Trip mode","Start time | End time","Departure | Arrival",Odometer,Distance,Driver,Vehicle,Purpose,Contact," "
Business,"08/31/22, 04:38 PM | 08/31/22, 06:55 PM","Departure: 506 Geary St, San Francisco CA 94102, US | Arrival: Interstate Highway 80 E, Rodeo CA 94572, US","101,923.5 mi | 101,957.3 mi","33.9 mi",—,"4402  – 4402",—,—," "
Business,"08/31/22, 04:32 PM | 08/31/22, 06:52 PM","Departure: 968 Turk St, San Francisco CA 94102, US | Arrival: DHarris Tours – HQ, Vista del Rio St, Crockett CA 94525, US","375,455.4 mi | 375,493.2 mi","37.8 mi",—,"3801  – 3801",—,—," "
Business,"08/31/22, 03:09 PM | 08/31/22, 04:12 PM","Departure: 496 S Van Ness Ave, San Francisco CA 94110, US | Arrival: 968 Turk St, San Francisco CA 94102, US","375,449.0 mi | 375,455.4 mi","6.3 mi",—,"3801  – 3801",—,—," "
Business,"08/31/22, 03:11 PM | 08/31/22, 03:40 PM","Departure: 840 Willow Ave, Hercules CA 94547, US | Arrival: DHarris Tours – HQ, 69 San Pablo Ave, Crockett CA 94525, US","5,088.1 mi | 5,091.5 mi","3.5 mi",—,"3602 – 3602",—,—," "
Business,"08/31/22, 02:25 PM | 08/31/22, 03:28 PM","Departure: Morse – Boys & Girls Club, 5701 Mission St, San Francisco CA 94112, US | Arrival: 157 Utah Ave, South San Francisco CA 94080, US","128,338.4 mi | 128,348.8 mi","10.3 mi",—,"4001  – 4001",—,—," "
Business,"08/31/22, 02:24 PM | 08/31/22, 03:12 PM","Departure: 1055 York St, San Francisco CA 94110, US | Arrival: 555 Post St, San Francisco CA 94102, US","101,918.9 mi | 101,923.5 mi","4.6 mi",—,"4402  – 4402",—,—," "
Business,"08/31/22, 12:23 PM | 08/31/22, 03:07 PM","Departure: Limantour Rd, Inverness CA 94937, US | Arrival: DHarris Tours – HQ, Vista del Rio St, Crockett CA 94525, US","26,647.2 mi | 26,725.1 mi","78.0 mi",—,"3601  – 3601",—,—," "
Business,"08/31/22, 10:18 AM | 08/31/22, 02:54 PM","Departure: DHarris Tours – HQ, Vista del Rio St, Crockett CA 94525, US | Arrival: 502 S Van Ness Ave, San Francisco CA 94110, US","375,390.4 mi | 375,449.0 mi","58.6 mi",—,"3801  – 3801",—,—," "
Business,"08/31/22, 12:23 PM | 08/31/22, 02:47 PM","Departure: Limantour Rd, Inverness CA 94937, US | Arrival: DHarris Tours – HQ, Vista del Rio St, Crockett CA 94525, US","120,296.2 mi | 120,373.3 mi","77.1 mi",—,"3501  – 3501",—,—," "
Business,"08/31/22, 01:17 PM | 08/31/22, 02:12 PM","Departure: 155 Utah Ave, South San Francisco CA 94080, US | Arrival: Willow Ave, Hercules CA 94547, US","5,054.2 mi | 5,088.1 mi","33.9 mi",—,"3602 – 3602",—,—," "
Business,"08/31/22, 01:04 PM | 08/31/22, 01:52 PM","Departure: 57 Yale St, San Francisco CA 94134, US | Arrival: Morse – Boys & Girls Club, 5678 Mission St, San Francisco CA 94112, US","128,326.2 mi | 128,338.4 mi","12.2 mi",—,"4001  – 4001",—,—," "
Business,"08/31/22, 11:31 AM | 08/31/22, 01:44 PM","Departure: 304 Harbor Rd, San Francisco CA 94124, US | Arrival: 2480 Bryant St, San Francisco CA 94110, US","101,904.5 mi | 101,918.1 mi","13.6 mi",—,"4402  – 4402",—,—," "
Business,"08/31/22, 11:24 AM | 08/31/22, 12:50 PM","Departure: DHarris Tours – HQ, 2229 Vista del Rio St, Crockett CA 94525, US | Arrival: 155 Utah Ave, South San Francisco CA 94080, US","795.4 mi | 831.7 mi","36.3 mi",—,"4403 – 4403",—,—," "
Business,"08/31/22, 12:10 PM | 08/31/22, 12:49 PM","Departure: Utah Ave, South San Francisco CA 94080, US | Arrival: 47 Yale St, San Francisco CA 94134, US","128,318.6 mi | 128,326.2 mi","7.6 mi",—,"4001  – 4001",—,—," "
Business,"08/31/22, 09:58 AM | 08/31/22, 12:12 PM","Departure: 1725 Fruitvale Ave, Oakland CA 94601, US | Arrival: Limantour Rd, Inverness CA 94937, US","26,595.3 mi | 26,647.2 mi","51.9 mi",—,"3601  – 3601",—,—," "
Business,"08/31/22, 09:59 AM | 08/31/22, 12:10 PM","Departure: 1739 Fruitvale Ave, Oakland CA 94601, US | Arrival: Limantour Rd, Inverness CA 94937, US","120,244.3 mi | 120,296.2 mi","51.9 mi",—,"3501  – 3501",—,—," "
Business,"08/31/22, 10:35 AM | 08/31/22, 11:19 AM","Departure: Interstate Highway 80 W, Berkeley CA 94710, US | Arrival: 307 Harbor Rd, San Francisco CA 94124, US","101,890.5 mi | 101,904.5 mi","14.0 mi",—,"4402  – 4402",—,—," "
Business,"08/31/22, 08:08 AM | 08/31/22, 09:13 AM","Departure: DHarris Tours – HQ, Vista del Rio St, Crockett CA 94525, US | Arrival: 1725 Fruitvale Ave, Oakland CA 94601, US","26,570.6 mi | 26,595.3 mi","24.7 mi",—,"3601  – 3601",—,—," "
Business,"08/31/22, 08:05 AM | 08/31/22, 09:11 AM","Departure: DHarris Tours – HQ, 2243 Vista del Rio St, Crockett CA 94525, US | Arrival: 1741 Fruitvale Ave, Oakland CA 94601, US","120,219.0 mi | 120,244.3 mi","25.3 mi",—,"3501  – 3501",—,—," "
Business,"08/30/22, 06:13 PM | 08/30/22, 07:22 PM","Departure: 6224 E 16th St, Oakland CA 94621, US | Arrival: DHarris Tours – HQ, Vista del Rio St, Crockett CA 94525, US","101,844.0 mi | 101,874.0 mi","30.0 mi",—,"4402  – 4402",—,—," "
Business,"08/30/22, 01:38 PM | 08/30/22, 07:15 PM","Departure: Fort Bragg CA 95437, US | Arrival: DHarris Tours – HQ, Vista del Rio St, Crockett CA 94525, US","26,372.4 mi | 26,570.6 mi","198.2 mi",—,"3601  – 3601",—,—," "
Business,"08/30/22, 11:35 AM | 08/30/22, 07:13 PM","Departure: 1246 S Main St, Willits CA 95490, US | Arrival: DHarris Tours – HQ, Vista del Rio St, Crockett CA 94525, US","119,998.3 mi | 120,219.0 mi","220.7 mi",—,"3501  – 3501",—,—," "
Business,"08/30/22, 02:01 PM | 08/30/22, 05:59 PM","Departure: 419 Burrows St, San Francisco CA 94134, US | Arrival: DHarris Tours – HQ, Vista del Rio St, Crockett CA 94525, US","375,345.8 mi | 375,390.4 mi","44.6 mi",—,"3801  – 3801",—,—," "
Business,"08/30/22, 01:33 PM | 08/30/22, 05:19 PM","Departure: Fort Bragg CA 95437, US | Arrival: Grove Shafter Fwy W, Oakland CA 94607, US","101,677.6 mi | 101,841.1 mi","163.5 mi",—,"4402  – 4402",—,—," "
Business,"08/30/22, 02:37 PM | 08/30/22, 05:07 PM","Departure: Utah Ave, South San Francisco CA 94080, US | Arrival: Utah Ave, South San Francisco CA 94080, US","5,028.6 mi | 5,054.2 mi","25.6 mi",—,"3602 – 3602",—,—," "
Business,"08/30/22, 12:32 PM | 08/30/22, 01:29 PM","Departure: DHarris Tours – HQ, Vista del Rio St, Crockett CA 94525, US | Arrival: 415 Burrows St, San Francisco CA 94134, US","375,315.0 mi | 375,345.8 mi","30.8 mi",—,"3801  – 3801",—,—," "
Business,"08/30/22, 08:18 AM | 08/30/22, 01:11 PM","Departure: DHarris Tours – HQ, Vista del Rio St, Crockett CA 94525, US | Arrival: Fort Bragg CA 95437, US","26,204.9 mi | 26,372.4 mi","167.5 mi",—,"3601  – 3601",—,—," "
Business,"08/30/22, 08:36 AM | 08/30/22, 12:54 PM","Departure: Interstate Highway 80 W, San Pablo CA 94806, US | Arrival: Fort Bragg CA 95437, US","101,519.7 mi | 101,676.3 mi","156.6 mi",—,"4402  – 4402",—,—," "
Business,"08/30/22, 08:01 AM | 08/30/22, 11:23 AM","Departure: DHarris Tours – HQ, San Pablo Ave, Crockett CA 94525, US | Arrival: 1248 S Main St, Willits CA 95490, US","119,853.8 mi | 119,998.3 mi","144.4 mi",—,"3501  – 3501",—,—," "
Business,"08/29/22, 08:21 PM | 08/29/22, 08:51 PM","Departure: Pinole Valley Rd, Pinole CA 94564, US | Arrival: DHarris Tours – HQ, 2215 Vista del Rio St, Crockett CA 94525, US","281,881.4 mi | 281,889.3 mi","7.9 mi",—,"2302  – 2302",—,—," "
Business,"08/29/22, 07:35 PM | 08/29/22, 08:06 PM","Departure: 407 Parker Ave, Rodeo CA 94572, US | Arrival: DHarris Tours – HQ, Vista del Rio St, Crockett CA 94525, US","101,513.7 mi | 101,516.3 mi","2.6 mi",—,"4402  – 4402",—,—," "
Business,"08/29/22, 07:45 PM | 08/29/22, 07:53 PM","Departure: Pinole Creek Trl, Pinole CA 94564, US | Arrival: Pinole Valley Rd, Pinole CA 94564, US","281,880.9 mi | 281,881.4 mi","937 yd",—,"2302  – 2302",—,—," "
Business,"08/29/22, 07:28 PM | 08/29/22, 07:33 PM","Departure: Pinole Valley Rd, Pinole CA 94564, US | Arrival: Pinole Creek Trl, Pinole CA 94564, US","281,880.2 mi | 281,880.9 mi","0.7 mi",—,"2302  – 2302",—,—," "
Business,"08/29/22, 04:43 PM | 08/29/22, 07:29 PM","Departure: 1 Holly St, Willits CA 95490, US | Arrival: Utah Ave, South San Francisco CA 94080, US","5,690.0 mi | 5,837.7 mi","147.7 mi",—,"2503  – 2503",—,—," "
Business,"08/29/22, 03:14 PM | 08/29/22, 07:19 PM","Departure: Fort Bragg CA 95437, US | Arrival: DHarris Tours – HQ, 2229 Vista del Rio St, Crockett CA 94525, US","624.5 mi | 795.4 mi","170.9 mi",—,"4403 – 4403",—,—," "
Business,"08/29/22, 04:43 PM | 08/29/22, 07:11 PM","Departure: 1404 S Main St, Willits CA 95490, US | Arrival: 407 Parker Ave, Rodeo CA 94572, US","101,374.4 mi | 101,513.7 mi","139.3 mi",—,"4402  – 4402",—,—," "
Business,"08/29/22, 03:12 PM | 08/29/22, 07:05 PM","Departure: Fort Bragg CA 95437, US | Arrival: DHarris Tours – HQ, Vista del Rio St, Crockett CA 94525, US","119,686.3 mi | 119,853.8 mi","167.6 mi",—,"3501  – 3501",—,—," "
Business,"08/29/22, 05:27 PM | 08/29/22, 05:39 PM","Departure: Pinole Valley Rd, Pinole CA 94564, US | Arrival: Pinole Valley Rd, Pinole CA 94564, US","281,879.6 mi | 281,880.2 mi","1,085 yd",—,"2302  – 2302",—,—," "
Business,"08/29/22, 05:10 PM | 08/29/22, 05:37 PM","Departure: Willow Ave, Hercules CA 94547, US | Arrival: DHarris Tours – HQ, 2217 Vista del Rio St, Crockett CA 94525, US","61,900.2 mi | 61,903.6 mi","3.4 mi",—,"2802  – 2802",—,—," "
Business,"08/29/22, 04:03 PM | 08/29/22, 05:28 PM","Departure: 1048 York St, San Francisco CA 94110, US | Arrival: DHarris Tours – HQ, Vista del Rio St, Crockett CA 94525, US","26,174.7 mi | 26,204.9 mi","30.2 mi",—,"3601  – 3601",—,—," "
Business,"08/29/22, 02:18 PM | 08/29/22, 05:00 PM","Departure: 366 Goettingen St, San Francisco CA 94134, US | Arrival: 828 Willow Ave, Hercules CA 94547, US","61,858.9 mi | 61,900.2 mi","41.3 mi",—,"2802  – 2802",—,—," "
Business,"08/29/22, 03:52 PM | 08/29/22, 04:29 PM","Departure: DHarris Tours – HQ, 2211 Vista del Rio St, Crockett CA 94525, US | Arrival: Pinole Valley Rd, Pinole CA 94564, US","281,871.8 mi | 281,879.6 mi","7.8 mi",—,"2302  – 2302",—,—," "
Business,"08/29/22, 02:35 PM | 08/29/22, 04:28 PM","Departure: Utah Ave, South San Francisco CA 94080, US | Arrival: Utah Ave, South San Francisco CA 94080, US","5,000.0 mi | 5,028.6 mi","28.6 mi",—,"3602 – 3602",—,—," "
Business,"08/29/22, 03:15 PM | 08/29/22, 04:18 PM","Departure: Fort Bragg CA 95437, US | Arrival: 1262 S Main St, Willits CA 95490, US","5,666.6 mi | 5,690.0 mi","23.4 mi",—,"2503  – 2503",—,—," "
Business,"08/29/22, 03:37 PM | 08/29/22, 03:49 PM","Departure: 320 Dolores St, San Francisco CA 94114, US | Arrival: 1050 York St, San Francisco CA 94110, US","26,173.1 mi | 26,174.7 mi","1.6 mi",—,"3601  – 3601",—,—," "
Business,"08/29/22, 03:14 PM | 08/29/22, 03:46 PM","Departure: Willits CA 95490, US | Arrival: Road 200, Fort Bragg CA 95427, US","101,362.8 mi | 101,369.9 mi","7.1 mi",—,"4402  – 4402",—,—," "
Business,"08/29/22, 11:25 AM | 08/29/22, 02:47 PM","Departure: Redwood Dr, Rohnert Park CA 94928, US | Arrival: Fort Bragg CA 95437, US","101,251.9 mi | 101,362.8 mi","110.9 mi",—,"4402  – 4402",—,—," "
Business,"08/29/22, 11:28 AM | 08/29/22, 02:44 PM","Departure: Redwood Dr, Rohnert Park CA 94928, US | Arrival: Fort Bragg CA 95437, US","119,575.5 mi | 119,686.3 mi","110.8 mi",—,"3501  – 3501",—,—," "
Business,"08/29/22, 02:11 PM | 08/29/22, 02:44 PM","Departure: 50 Yale St, San Francisco CA 94134, US | Arrival: 318 Dolores St, San Francisco CA 94114, US","26,168.6 mi | 26,173.1 mi","4.5 mi",—,"3601  – 3601",—,—," "
Business,"08/29/22, 02:01 PM | 08/29/22, 02:43 PM","Departure: Highway 20, Willits CA 95490, US | Arrival: Fort Bragg CA 95437, US","614.6 mi | 624.5 mi","9.9 mi",—,"4403 – 4403",—,—," "
Business,"08/29/22, 11:27 AM | 08/29/22, 01:50 PM","Departure: Redwood Dr, Rohnert Park CA 94928, US | Arrival: Highway 20, Willits CA 95490, US","514.1 mi | 614.6 mi","100.5 mi",—,"4403 – 4403",—,—," "
Business,"08/29/22, 11:52 AM | 08/29/22, 01:50 PM","Departure: Limantour Rd, Inverness CA 94937, US | Arrival: 52 Yale St, San Francisco CA 94134, US","26,112.5 mi | 26,168.6 mi","56.1 mi",—,"3601  – 3601",—,—," "
Business,"08/29/22, 10:02 AM | 08/29/22, 01:35 PM","Departure: 689 66th Ave, Oakland CA 94621, US | Arrival: 14200 Highway 20, Willits CA 95490, US","5,495.9 mi | 5,656.2 mi","160.3 mi",—,"2503  – 2503",—,—," "
Business,"08/29/22, 12:11 PM | 08/29/22, 01:10 PM","Departure: DHarris Tours – HQ, 2217 Vista del Rio St, Crockett CA 94525, US | Arrival: 366 Goettingen St, San Francisco CA 94134, US","61,829.1 mi | 61,858.9 mi","29.8 mi",—,"2802  – 2802",—,—," "
Business,"08/29/22, 09:54 AM | 08/29/22, 11:38 AM","Departure: 1749 Fruitvale Ave, Oakland CA 94601, US | Arrival: Limantour Rd, Inverness CA 94937, US","26,055.8 mi | 26,112.5 mi","56.7 mi",—,"3601  – 3601",—,—," "
Business,"08/29/22, 09:22 AM | 08/29/22, 11:15 AM","Departure: 6249 E 16th St, Oakland CA 94621, US | Arrival: Redwood Dr, Rohnert Park CA 94928, US","119,515.2 mi | 119,575.5 mi","60.2 mi",—,"3501  – 3501",—,—," "
Business,"08/29/22, 09:27 AM | 08/29/22, 11:09 AM","Departure: 6261 E 16th St, Oakland CA 94621, US | Arrival: Redwood Dr, Rohnert Park CA 94928, US","101,191.7 mi | 101,251.9 mi","60.2 mi",—,"4402  – 4402",—,—," "
Business,"08/29/22, 09:55 AM | 08/29/22, 11:06 AM","Departure: 6234 E 16th St, Oakland CA 94621, US | Arrival: Redwood Dr, Rohnert Park CA 94928, US","453.8 mi | 514.1 mi","60.2 mi",—,"4403 – 4403",—,—," "
Business,"08/29/22, 10:18 AM | 08/29/22, 10:28 AM","Departure: 199 Lincoln Rd W, Vallejo CA 94590, US | Arrival: DHarris Tours – HQ, Vista del Rio St, Crockett CA 94525, US","61,826.0 mi | 61,829.1 mi","3.1 mi",—,"2802  – 2802",—,—," "
Business,"08/29/22, 09:39 AM | 08/29/22, 10:00 AM","Departure: Park Rd, Benicia CA 94510, US | Arrival: 199 Lincoln Rd W, Vallejo CA 94590, US","61,817.1 mi | 61,826.0 mi","8.9 mi",—,"2802  – 2802",—,—," "
Business,"08/29/22, 08:23 AM | 08/29/22, 09:25 AM","Departure: DHarris Tours – HQ, Vista del Rio St, Crockett CA 94525, US | Arrival: 1751 Fruitvale Ave, Oakland CA 94601, US","26,030.6 mi | 26,055.8 mi","25.2 mi",—,"3601  – 3601",—,—," "
Business,"08/29/22, 07:16 AM | 08/29/22, 08:58 AM","Departure: DHarris Tours – HQ, San Pablo Ave, Crockett CA 94525, US | Arrival: 6244 E 16th St, Oakland CA 94621, US","119,486.2 mi | 119,515.2 mi","29.0 mi",—,"3501  – 3501",—,—," "
Business,"08/29/22, 08:46 AM | 08/29/22, 08:57 AM","Departure: Seminary Ave, Oakland CA 94621, US | Arrival: 6259 E 16th St, Oakland CA 94621, US","101,190.6 mi | 101,191.7 mi","1.1 mi",—,"4402  – 4402",—,—," "
Business,"08/29/22, 07:42 AM | 08/29/22, 08:53 AM","Departure: 627 4th St, Rodeo CA 94572, US | Arrival: 6234 E 16th St, Oakland CA 94621, US","428.1 mi | 453.8 mi","25.7 mi",—,"4403 – 4403",—,—," "
Business,"08/29/22, 08:14 AM | 08/29/22, 08:37 AM","Departure: DHarris Tours – HQ, Vista del Rio St, Crockett CA 94525, US | Arrival: Park Rd, Benicia CA 94510, US","61,804.9 mi | 61,817.1 mi","12.2 mi",—,"2802  – 2802",—,—," "
Business,"08/29/22, 06:53 AM | 08/29/22, 08:19 AM","Departure: Utah Ave, South San Francisco CA 94080, US | Arrival: 6230 E 16th St, Oakland CA 94621, US","5,466.9 mi | 5,494.8 mi","27.8 mi",—,"2503  – 2503",—,—," "
Business,"08/29/22, 07:21 AM | 08/29/22, 07:31 AM","Departure: DHarris Tours – HQ, 2229 Vista del Rio St, Crockett CA 94525, US | Arrival: 407 Parker Ave, Rodeo CA 94572, US","425.3 mi | 428.1 mi","2.7 mi",—,"4403 – 4403",—,—," "
Business,"08/28/22, 09:13 AM | 08/28/22, 11:19 AM","Departure: Utah Ave, South San Francisco CA 94080, US | Arrival: 192 E Grand Ave, South San Francisco CA 94080, US","128,293.0 mi | 128,293.9 mi","1.0 mi",—,"4001  – 4001",—,—," "
Business,"08/27/22, 02:59 PM | 08/27/22, 04:00 PM","Departure: DHarris Tours – HQ, Vista del Rio St, Crockett CA 94525, US | Arrival: DHarris Tours – HQ, Vista del Rio St, Crockett CA 94525, US","119,477.2 mi | 119,486.2 mi","9.0 mi",—,"3501  – 3501",—,—," "
Business,"08/27/22, 02:06 PM | 08/27/22, 03:07 PM","Departure: French Ct, San Francisco CA 94129, US | Arrival: DHarris Tours – HQ, Vista del Rio St, Crockett CA 94525, US","25,994.9 mi | 26,030.6 mi","35.7 mi",—,"3601  – 3601",—,—," "
Business,"08/27/22, 01:28 PM | 08/27/22, 01:34 PM","Departure: 178 Sheridan Ave, San Francisco CA 94129, US | Arrival: French Ct, San Francisco CA 94129, US","25,994.4 mi | 25,994.9 mi","769 yd",—,"3601  – 3601",—,—," "
Business,"08/27/22, 10:12 AM | 08/27/22, 10:16 AM","Departure: 2793 Lombard St, San Francisco CA 94129, US | Arrival: 178 Sheridan Ave, San Francisco CA 94129, US","25,993.6 mi | 25,994.4 mi","0.8 mi",—,"3601  – 3601",—,—," "
Business,"08/27/22, 09:18 AM | 08/27/22, 10:01 AM","Departure: 3051 MacDonald Ave, Richmond CA 94804, US | Arrival: 2793 Lombard St, San Francisco CA 94129, US","25,969.3 mi | 25,993.6 mi","24.3 mi",—,"3601  – 3601",—,—," "
Business,"08/27/22, 08:01 AM | 08/27/22, 08:49 AM","Departure: DHarris Tours – HQ, Vista del Rio St, Crockett CA 94525, US | Arrival: 3055 MacDonald Ave, Richmond CA 94804, US","25,957.2 mi | 25,969.3 mi","12.1 mi",—,"3601  – 3601",—,—," "
Business,"08/26/22, 09:07 PM | 08/26/22, 11:19 PM","Departure: 2361 Teagarden St, San Leandro CA 94577, US | Arrival: DHarris Tours – HQ, Vista del Rio St, Crockett CA 94525, US","375,277.4 mi | 375,315.0 mi","37.5 mi",—,"3801  – 3801",—,—," "
Business,"08/26/22, 07:26 PM | 08/26/22, 07:52 PM","Departure: 2166 Bancroft Ave, San Leandro CA 94577, US | Arrival: 2361 Teagarden St, San Leandro CA 94577, US","375,275.9 mi | 375,277.4 mi","1.5 mi",—,"3801  – 3801",—,—," "
Business,"08/26/22, 06:52 PM | 08/26/22, 07:04 PM","Departure: DHarris Tours – HQ, San Pablo Ave, Crockett CA 94525, US | Arrival: DHarris Tours – HQ, Vista del Rio St, Crockett CA 94525, US","101,189.3 mi | 101,189.4 mi","176 yd",—,"4402  – 4402",—,—," "
Business,"08/26/22, 06:10 PM | 08/26/22, 07:02 PM","Departure: 2425 Teagarden St, San Leandro CA 94577, US | Arrival: 2166 Bancroft Ave, San Leandro CA 94577, US","375,274.2 mi | 375,275.9 mi","1.8 mi",—,"3801  – 3801",—,—," "
Business,"08/26/22, 04:59 PM | 08/26/22, 06:39 PM","Departure: 1092 Folsom St, San Francisco CA 94103, US | Arrival: DHarris Tours – HQ, San Pablo Ave, Crockett CA 94525, US","101,162.4 mi | 101,189.3 mi","27.0 mi",—,"4402  – 4402",—,—," "
Business,"08/26/22, 02:47 PM | 08/26/22, 06:10 PM","Departure: Redwood Dr, Rohnert Park CA 94928, US | Arrival: DHarris Tours – HQ, 2225 Vista del Rio St, Crockett CA 94525, US","348.0 mi | 425.3 mi","77.4 mi",—,"4403 – 4403",—,—," "
Business,"08/26/22, 04:13 PM | 08/26/22, 06:02 PM","Departure: 131 Hickory St, San Francisco CA 94102, US | Arrival: DHarris Tours – HQ, Vista del Rio St, Crockett CA 94525, US","25,928.9 mi | 25,957.2 mi","28.3 mi",—,"3601  – 3601",—,—," "
Business,"08/26/22, 04:12 PM | 08/26/22, 05:59 PM","Departure: 113 Hickory St, San Francisco CA 94102, US | Arrival: DHarris Tours – HQ, San Pablo Ave, Crockett CA 94525, US","61,776.7 mi | 61,804.9 mi","28.1 mi",—,"2802  – 2802",—,—," "
Business,"08/26/22, 04:07 PM | 08/26/22, 05:50 PM","Departure: 106 Hickory St, San Francisco CA 94102, US | Arrival: DHarris Tours – HQ, Vista del Rio St, Crockett CA 94525, US","119,449.1 mi | 119,477.2 mi","28.1 mi",—,"3501  – 3501",—,—," "
Business,"08/26/22, 04:34 PM | 08/26/22, 05:50 PM","Departure: 2252 Bancroft Ave, San Leandro CA 94577, US | Arrival: 2425 Teagarden St, San Leandro CA 94577, US","375,266.2 mi | 375,274.2 mi","7.9 mi",—,"3801  – 3801",—,—," "
Business,"08/26/22, 02:14 PM | 08/26/22, 05:47 PM","Departure: 365 Goettingen St, San Francisco CA 94134, US | Arrival: Utah Ave, South San Francisco CA 94080, US","128,265.8 mi | 128,293.0 mi","27.2 mi",—,"4001  – 4001",—,—," "
Business,"08/26/22, 03:24 PM | 08/26/22, 05:05 PM","Departure: 902 Dolores St, San Francisco CA 94110, US | Arrival: Utah Ave, South San Francisco CA 94080, US","4,984.6 mi | 5,000.0 mi","15.4 mi",—,"3602 – 3602",—,—," "
Business,"08/26/22, 03:20 PM | 08/26/22, 04:28 PM","Departure: 3704 23rd St, San Francisco CA 94114, US | Arrival: Utah Ave, South San Francisco CA 94080, US","5,449.1 mi | 5,466.9 mi","17.8 mi",—,"2503  – 2503",—,—," "
Business,"08/26/22, 02:26 PM | 08/26/22, 04:10 PM","Departure: 2272 Bancroft Ave, San Leandro CA 94577, US | Arrival: 2252 Bancroft Ave, San Leandro CA 94577, US","375,263.0 mi | 375,266.2 mi","3.2 mi",—,"3801  – 3801",—,—," "
Business,"08/26/22, 01:33 PM | 08/26/22, 04:02 PM","Departure: 548A, Ukiah CA, US | Arrival: 130 Hickory St, San Francisco CA 94102, US","25,815.2 mi | 25,928.9 mi","113.7 mi",—,"3601  – 3601",—,—," "
Business,"08/26/22, 02:39 PM | 08/26/22, 03:55 PM","Departure: Redwood Dr, Rohnert Park CA 94928, US | Arrival: 109 Hickory St, San Francisco CA 94102, US","61,727.0 mi | 61,776.7 mi","49.7 mi",—,"2802  – 2802",—,—," "
Business,"08/26/22, 02:38 PM | 08/26/22, 03:54 PM","Departure: Redwood Dr, Rohnert Park CA 94928, US | Arrival: 104 Hickory St, San Francisco CA 94102, US","119,399.4 mi | 119,449.1 mi","49.7 mi",—,"3501  – 3501",—,—," "
Business,"08/26/22, 02:39 PM | 08/26/22, 03:42 PM","Departure: Redwood Dr, Rohnert Park CA 94928, US | Arrival: 1000 Van Ness Ave, San Francisco CA 94109, US","101,109.9 mi | 101,158.7 mi","48.8 mi",—,"4402  – 4402",—,—," "
Business,"08/26/22, 02:34 PM | 08/26/22, 03:07 PM","Departure: 155 Utah Ave, South San Francisco CA 94080, US | Arrival: 966 Dolores St, San Francisco CA 94110, US","4,974.9 mi | 4,984.6 mi","9.7 mi",—,"3602 – 3602",—,—," "
Business,"08/26/22, 02:28 PM | 08/26/22, 02:56 PM","Departure: 4307 Mission St, San Francisco CA 94112, US | Arrival: 956 Dolores St, San Francisco CA 94110, US","5,446.9 mi | 5,449.1 mi","2.2 mi",—,"2503  – 2503",—,—," "
Business,"08/26/22, 11:28 AM | 08/26/22, 02:27 PM","Departure: Fort Bragg CA 95437, US | Arrival: Redwood Dr, Rohnert Park CA 94928, US","237.3 mi | 348.0 mi","110.7 mi",—,"4403 – 4403",—,—," "
Business,"08/26/22, 10:37 AM | 08/26/22, 02:25 PM","Departure: Fort Bragg CA 95437, US | Arrival: Redwood Dr, Rohnert Park CA 94928, US","61,616.1 mi | 61,727.0 mi","110.9 mi",—,"2802  – 2802",—,—," "
Business,"08/26/22, 11:11 AM | 08/26/22, 02:24 PM","Departure: Fort Bragg CA 95437, US | Arrival: Redwood Dr, Rohnert Park CA 94928, US","100,998.9 mi | 101,109.9 mi","111.0 mi",—,"4402  – 4402",—,—," "
Business,"08/26/22, 11:22 AM | 08/26/22, 02:16 PM","Departure: Fort Bragg CA 95437, US | Arrival: Redwood Dr, Rohnert Park CA 94928, US","119,288.7 mi | 119,399.4 mi","110.7 mi",—,"3501  – 3501",—,—," "
Business,"08/26/22, 01:15 PM | 08/26/22, 02:12 PM","Departure: DHarris Tours – HQ, 2219 Vista del Rio St, Crockett CA 94525, US | Arrival: 2274 Bancroft Ave, San Leandro CA 94577, US","375,230.7 mi | 375,263.0 mi","32.3 mi",—,"3801  – 3801",—,—," "
Business,"08/26/22, 12:39 PM | 08/26/22, 01:22 PM","Departure: Utah Ave, South San Francisco CA 94080, US | Arrival: 42 Yale St, San Francisco CA 94134, US","5,438.0 mi | 5,445.6 mi","7.6 mi",—,"2503  – 2503",—,—," "
Business,"08/26/22, 11:27 AM | 08/26/22, 01:14 PM","Departure: Fort Bragg CA 95437, US | Arrival: 548A, Ukiah CA, US","25,768.4 mi | 25,815.2 mi","46.8 mi",—,"3601  – 3601",—,—," "
Business,"08/26/22, 01:11 PM | 08/26/22, 01:12 PM","Departure: 410 Burrows St, San Francisco CA 94134, US | Arrival: 365 Goettingen St, San Francisco CA 94134, US","128,265.7 mi | 128,265.8 mi","149 yd",—,"4001  – 4001",—,—," "
Business,"08/26/22, 11:52 AM | 08/26/22, 12:57 PM","Departure: DHarris Tours – HQ, Vista del Rio St, Crockett CA 94525, US | Arrival: 420 Burrows St, San Francisco CA 94134, US","128,235.9 mi | 128,265.7 mi","29.8 mi",—,"4001  – 4001",—,—," "
Business,"08/26/22, 10:33 AM | 08/26/22, 11:27 AM","Departure: DHarris Tours – HQ, 67 San Pablo Ave, Crockett CA 94525, US | Arrival: Utah Ave, South San Francisco CA 94080, US","5,402.0 mi | 5,438.0 mi","36.0 mi",—,"2503  – 2503",—,—," "
Business,"08/26/22, 08:32 AM | 08/26/22, 09:39 AM","Departure: 1246 S Main St, Willits CA 95490, US | Arrival: Fort Bragg CA 95437, US","100,975.9 mi | 100,998.9 mi","23.0 mi",—,"4402  – 4402",—,—," "
Business,"08/26/22, 08:16 AM | 08/26/22, 09:29 AM","Departure: 4 Holly St, Willits CA 95490, US | Arrival: Fort Bragg CA 95437, US","61,592.7 mi | 61,616.1 mi","23.4 mi",—,"2802  – 2802",—,—," "
Business,"08/26/22, 05:05 AM | 08/26/22, 09:24 AM","Departure: DHarris Tours – HQ, 2233 Vista del Rio St, Crockett CA 94525, US | Arrival: Fort Bragg CA 95437, US","75.5 mi | 237.3 mi","161.9 mi",—,"4403 – 4403",—,—," "
Business,"08/26/22, 05:15 AM | 08/26/22, 09:23 AM","Departure: DHarris Tours – HQ, Vista del Rio St, Crockett CA 94525, US | Arrival: Fort Bragg CA 95437, US","25,606.1 mi | 25,768.4 mi","162.3 mi",—,"3601  – 3601",—,—," "
Business,"08/26/22, 05:12 AM | 08/26/22, 09:20 AM","Departure: DHarris Tours – HQ, San Pablo Ave, Crockett CA 94525, US | Arrival: Fort Bragg CA 95437, US","119,126.5 mi | 119,288.7 mi","162.2 mi",—,"3501  – 3501",—,—," "
Business,"08/26/22, 04:53 AM | 08/26/22, 08:03 AM","Departure: DHarris Tours – HQ, Vista del Rio St, Crockett CA 94525, US | Arrival: 1266 S Main St, Willits CA 95490, US","61,453.9 mi | 61,592.7 mi","138.8 mi",—,"2802  – 2802",—,—," "
Business,"08/25/22, 08:19 PM | 08/25/22, 08:54 PM","Departure: Fall Ave, Richmond CA 94804, US | Arrival: DHarris Tours – HQ, Vista del Rio St, Crockett CA 94525, US","61,438.8 mi | 61,453.9 mi","15.1 mi",—,"2802  – 2802",—,—," "
Business,"08/25/22, 06:38 PM | 08/25/22, 08:18 PM","Departure: Truckee Ct, Newark CA 94560, US | Arrival: DHarris Tours – HQ, Vista del Rio St, Crockett CA 94525, US","119,076.7 mi | 119,126.5 mi","49.8 mi",—,"3501  – 3501",—,—," "
Business,"08/25/22, 05:12 PM | 08/25/22, 06:52 PM","Departure: 150 Utah Ave, South San Francisco CA 94080, US | Arrival: DHarris Tours – HQ, Vista del Rio St, Crockett CA 94525, US","128,199.9 mi | 128,235.9 mi","36.0 mi",—,"4001  – 4001",—,—," "
Business,"08/25/22, 02:15 PM | 08/25/22, 06:46 PM","Departure: 38 Yale St, San Francisco CA 94134, US | Arrival: DHarris Tours – HQ, 2225 Vista del Rio St, Crockett CA 94525, US","31.1 mi | 75.5 mi","44.3 mi",—,"4403 – 4403",—,—," "
Business,"08/25/22, 05:05 PM | 08/25/22, 06:46 PM","Departure: 152 Utah Ave, South San Francisco CA 94080, US | Arrival: DHarris Tours – HQ, Vista del Rio St, Crockett CA 94525, US","375,193.1 mi | 375,230.7 mi","37.6 mi",—,"3801  – 3801",—,—," "
Business,"08/25/22, 05:48 PM | 08/25/22, 06:20 PM","Departure: Fall Ave, Richmond CA 94804, US | Arrival: Fall Ave, Richmond CA 94804, US","61,434.0 mi | 61,438.8 mi","4.8 mi",—,"2802  – 2802",—,—," "
Business,"08/25/22, 04:06 PM | 08/25/22, 04:46 PM","Departure: 1046 York St, San Francisco CA 94110, US | Arrival: Mitchell Ave, South San Francisco CA 94080, US","100,864.6 mi | 100,876.5 mi","11.9 mi",—,"4402  – 4402",—,—," "
Business,"08/25/22, 04:37 PM | 08/25/22, 04:43 PM","Departure: Utah Ave, South San Francisco CA 94080, US | Arrival: 152 Utah Ave, South San Francisco CA 94080, US","375,192.8 mi | 375,193.1 mi","586 yd",—,"3801  – 3801",—,—," "
Business,"08/25/22, 02:09 PM | 08/25/22, 04:34 PM","Departure: 368 Goettingen St, San Francisco CA 94134, US | Arrival: 157 Utah Ave, South San Francisco CA 94080, US","4,948.5 mi | 4,974.9 mi","26.4 mi",—,"3602 – 3602",—,—," "
Business,"08/25/22, 03:29 PM | 08/25/22, 04:20 PM","Departure: DHarris Tours – HQ, 2217 Vista del Rio St, Crockett CA 94525, US | Arrival: Fall Ave, Richmond CA 94804, US","61,418.8 mi | 61,434.0 mi","15.2 mi",—,"2802  – 2802",—,—," "
Business,"08/25/22, 02:51 PM | 08/25/22, 03:32 PM","Departure: 2168 Bancroft Ave, San Leandro CA 94577, US | Arrival: Truckee Ct, Newark CA 94560, US","119,056.0 mi | 119,076.7 mi","20.7 mi",—,"3501  – 3501",—,—," "
Business,"08/25/22, 02:44 PM | 08/25/22, 03:14 PM","Departure: DHarris Tours – HQ, Vista del Rio St, Crockett CA 94525, US | Arrival: DHarris Tours – HQ, Vista del Rio St, Crockett CA 94525, US","25,600.7 mi | 25,606.1 mi","5.4 mi",—,"3601  – 3601",—,—," "
Business,"08/25/22, 02:51 PM | 08/25/22, 02:59 PM","Departure: 1422 Cutting Blvd, Richmond CA 94804, US | Arrival: Interstate Highway 80 W, Berkeley CA 94710, US","100,855.2 mi | 100,859.7 mi","4.5 mi",—,"4402  – 4402",—,—," "
Business,"08/25/22, 12:57 PM | 08/25/22, 02:31 PM","Departure: DHarris Tours – HQ, Vista del Rio St, Crockett CA 94525, US | Arrival: 2168 Bancroft Ave, San Leandro CA 94577, US","119,023.4 mi | 119,056.0 mi","32.7 mi",—,"3501  – 3501",—,—," "
Business,"08/25/22, 01:38 PM | 08/25/22, 01:43 PM","Departure: 1388 Silliman St, San Francisco CA 94134, US | Arrival: 366 Goettingen St, San Francisco CA 94134, US","4,946.9 mi | 4,947.8 mi","0.9 mi",—,"3602 – 3602",—,—," "
Business,"08/25/22, 12:32 PM | 08/25/22, 01:37 PM","Departure: DHarris Tours – HQ, 2227 Vista del Rio St, Crockett CA 94525, US | Arrival: 38 Yale St, San Francisco CA 94134, US","0 yd | 31.1 mi","31.1 mi",—,"4403 – 4403",—,—," "
Business,"08/25/22, 12:15 PM | 08/25/22, 01:25 PM","Departure: DHarris Tours – HQ, Vista del Rio St, Crockett CA 94525, US | Arrival: 1330 Silliman St, San Francisco CA 94134, US","4,916.8 mi | 4,946.9 mi","30.1 mi",—,"3602 – 3602",—,—," "
Business,"08/24/22, 07:34 PM | 08/24/22, 09:08 PM","Departure: 155 Mission Ave, San Rafael CA 94901, US | Arrival: DHarris Tours – HQ, 2217 Vista del Rio St, Crockett CA 94525, US","281,845.1 mi | 281,871.8 mi","26.7 mi",—,"2302  – 2302",—,—," "
Business,"08/24/22, 03:32 PM | 08/24/22, 06:33 PM","Departure: 1266 S Main St, Willits CA 95490, US | Arrival: DHarris Tours – HQ, Vista del Rio St, Crockett CA 94525, US","25,461.6 mi | 25,600.7 mi","139.1 mi",—,"3601  – 3601",—,—," "
Business,"08/24/22, 02:12 PM | 08/24/22, 06:29 PM","Departure: Fort Bragg CA 95437, US | Arrival: DHarris Tours – HQ, Vista del Rio St, Crockett CA 94525, US","61,262.6 mi | 61,418.8 mi","156.2 mi",—,"2802  – 2802",—,—," "
Business,"08/24/22, 02:19 PM | 08/24/22, 06:18 PM","Departure: Fort Bragg CA 95437, US | Arrival: DHarris Tours – HQ, Vista del Rio St, Crockett CA 94525, US","118,856.1 mi | 119,023.4 mi","167.3 mi",—,"3501  – 3501",—,—," "
Business,"08/24/22, 03:51 PM | 08/24/22, 06:15 PM","Departure: 734 Gough St, San Francisco CA 94102, US | Arrival: DHarris Tours – HQ, Vista del Rio St, Crockett CA 94525, US","4,883.4 mi | 4,916.8 mi","33.4 mi",—,"3602 – 3602",—,—," "
Business,"08/24/22, 02:53 PM | 08/24/22, 04:04 PM","Departure: DHarris Tours – HQ, Vista del Rio St, Crockett CA 94525, US | Arrival: 155 Mission Ave, San Rafael CA 94901, US","281,819.2 mi | 281,845.1 mi","25.9 mi",—,"2302  – 2302",—,—," "
Business,"08/24/22, 01:07 PM | 08/24/22, 03:34 PM","Departure: 34 Yale St, San Francisco CA 94134, US | Arrival: Utah Ave, South San Francisco CA 94080, US","375,167.2 mi | 375,192.8 mi","25.5 mi",—,"3801  – 3801",—,—," "
Business,"08/24/22, 02:16 PM | 08/24/22, 03:21 PM","Departure: Fort Bragg CA 95437, US | Arrival: 1264 S Main St, Willits CA 95490, US","25,437.9 mi | 25,461.6 mi","23.7 mi",—,"3601  – 3601",—,—," "
Business,"08/24/22, 02:11 PM | 08/24/22, 03:18 PM","Departure: Fort Bragg CA 95437, US | Arrival: 4 Holly St, Willits CA 95490, US","128,021.3 mi | 128,045.2 mi","24.0 mi",—,"4001  – 4001",—,—," "
Business,"08/24/22, 02:21 PM | 08/24/22, 02:47 PM","Departure: Fort Bragg CA 95437, US | Arrival: Road 200, Fort Bragg CA 95427, US","100,837.0 mi | 100,844.4 mi","7.3 mi",—,"4402  – 4402",—,—," "
Business,"08/24/22, 01:03 PM | 08/24/22, 02:39 PM","Departure: 370 Goettingen St, San Francisco CA 94134, US | Arrival: 831 Golden Gate Ave, San Francisco CA 94102, US","4,869.5 mi | 4,883.4 mi","13.9 mi",—,"3602 – 3602",—,—," "
Business,"08/24/22, 12:27 PM | 08/24/22, 01:45 PM","Departure: 1597 S Main St, Willits CA 95490, US | Arrival: Fort Bragg CA 95437, US","25,413.8 mi | 25,437.9 mi","24.1 mi",—,"3601  – 3601",—,—," "
Business,"08/24/22, 09:27 AM | 08/24/22, 01:45 PM","Departure: 100 Hickory St, San Francisco CA 94102, US | Arrival: Fort Bragg CA 95437, US","118,696.6 mi | 118,856.1 mi","159.5 mi",—,"3501  – 3501",—,—," "
Business,"08/24/22, 12:05 PM | 08/24/22, 01:43 PM","Departure: 1405 S Main St, Willits CA 95490, US | Arrival: Fort Bragg CA 95437, US","100,814.0 mi | 100,837.0 mi","23.0 mi",—,"4402  – 4402",—,—," "
Business,"08/24/22, 09:26 AM | 08/24/22, 01:35 PM","Departure: 116 Hickory St, San Francisco CA 94102, US | Arrival: Fort Bragg CA 95437, US","127,861.2 mi | 128,021.3 mi","160.1 mi",—,"4001  – 4001",—,—," "
Business,"08/24/22, 09:21 AM | 08/24/22, 01:14 PM","Departure: 82 Hickory St, San Francisco CA 94102, US | Arrival: Fort Bragg CA 95437, US","61,102.8 mi | 61,262.6 mi","159.8 mi",—,"2802  – 2802",—,—," "
Business,"08/24/22, 11:35 AM | 08/24/22, 12:40 PM","Departure: DHarris Tours – HQ, Vista del Rio St, Crockett CA 94525, US | Arrival: 413 Burrows St, San Francisco CA 94134, US","4,839.8 mi | 4,869.5 mi","29.7 mi",—,"3602 – 3602",—,—," "
Business,"08/24/22, 11:15 AM | 08/24/22, 12:14 PM","Departure: DHarris Tours – HQ, Vista del Rio St, Crockett CA 94525, US | Arrival: 40 Yale St, San Francisco CA 94134, US","375,137.2 mi | 375,167.2 mi","30.0 mi",—,"3801  – 3801",—,—," "
Business,"08/24/22, 09:27 AM | 08/24/22, 12:07 PM","Departure: 109 Hickory St, San Francisco CA 94102, US | Arrival: 1597 S Main St, Willits CA 95490, US","25,278.2 mi | 25,413.8 mi","135.7 mi",—,"3601  – 3601",—,—," "
Business,"08/24/22, 09:27 AM | 08/24/22, 10:08 AM","Departure: 141 Hickory St, San Francisco CA 94102, US | Arrival: Redwood Hwy, San Rafael CA 94901, US","100,737.6 mi | 100,756.5 mi","18.8 mi",—,"4402  – 4402",—,—," "
Business,"08/24/22, 08:07 AM | 08/24/22, 08:57 AM","Departure: 434A, San Francisco CA 94103, US | Arrival: 139 Hickory St, San Francisco CA 94102, US","100,736.1 mi | 100,737.6 mi","1.6 mi",—,"4402  – 4402",—,—," "
Business,"08/24/22, 08:43 AM | 08/24/22, 08:56 AM","Departure: 334 Grove St, San Francisco CA 94102, US | Arrival: 81 Hickory St, San Francisco CA 94102, US","61,102.5 mi | 61,102.8 mi","479 yd",—,"2802  – 2802",—,—," "
Business,"08/24/22, 08:35 AM | 08/24/22, 08:52 AM","Departure: 314 Grove St, San Francisco CA 94102, US | Arrival: 109 Hickory St, San Francisco CA 94102, US","25,277.9 mi | 25,278.2 mi","495 yd",—,"3601  – 3601",—,—," "
Business,"08/24/22, 08:43 AM | 08/24/22, 08:50 AM","Departure: 335 Grove St, San Francisco CA 94102, US | Arrival: 148 Oak St, San Francisco CA 94102, US","118,696.4 mi | 118,696.6 mi","454 yd",—,"3501  – 3501",—,—," "
Business,"08/24/22, 08:33 AM | 08/24/22, 08:43 AM","Departure: 168 Franklin St, San Francisco CA 94102, US | Arrival: 132 Hickory St, San Francisco CA 94102, US","127,860.9 mi | 127,861.2 mi","494 yd",—,"4001  – 4001",—,—," "
Business,"08/24/22, 06:48 AM | 08/24/22, 08:25 AM","Departure: DHarris Tours – HQ, Vista del Rio St, Crockett CA 94525, US | Arrival: 328 Grove St, San Francisco CA 94102, US","61,074.6 mi | 61,102.5 mi","27.9 mi",—,"2802  – 2802",—,—," "
Business,"08/24/22, 07:01 AM | 08/24/22, 08:24 AM","Departure: DHarris Tours – HQ, Vista del Rio St, Crockett CA 94525, US | Arrival: 331 Grove St, San Francisco CA 94102, US","118,667.7 mi | 118,696.4 mi","28.6 mi",—,"3501  – 3501",—,—," "
Business,"08/24/22, 07:02 AM | 08/24/22, 08:24 AM","Departure: DHarris Tours – HQ, Vista del Rio St, Crockett CA 94525, US | Arrival: 319 Grove St, San Francisco CA 94102, US","25,249.3 mi | 25,277.9 mi","28.6 mi",—,"3601  – 3601",—,—," "
Business,"08/24/22, 07:23 AM | 08/24/22, 08:08 AM","Departure: Utah Ave, South San Francisco CA 94080, US | Arrival: 164 Franklin St, San Francisco CA 94102, US","127,850.1 mi | 127,860.9 mi","10.8 mi",—,"4001  – 4001",—,—," "
Business,"08/23/22, 08:04 PM | 08/23/22, 09:01 PM","Departure: 2424 Novato Blvd, Novato CA 94945, US | Arrival: DHarris Tours – HQ, Vista del Rio St, Crockett CA 94525, US","118,634.2 mi | 118,667.7 mi","33.5 mi",—,"3501  – 3501",—,—," "
Business,"08/23/22, 06:27 PM | 08/23/22, 07:41 PM","Departure: 349 Bonita Ave, Piedmont CA 94611, US | Arrival: DHarris Tours – HQ, 2225 Vista del Rio St, Crockett CA 94525, US","61,028.5 mi | 61,074.6 mi","46.1 mi",—,"2802  – 2802",—,—," "
Business,"08/23/22, 04:05 PM | 08/23/22, 06:05 PM","Departure: 1052 York St, San Francisco CA 94110, US | Arrival: DHarris Tours – HQ, Vista del Rio St, Crockett CA 94525, US","25,218.2 mi | 25,249.3 mi","31.1 mi",—,"3601  – 3601",—,—," "
Business,"08/23/22, 06:01 PM | 08/23/22, 06:05 PM","Departure: 297 Bonita Ave, Piedmont CA 94611, US | Arrival: 347 Bonita Ave, Piedmont CA 94611, US","61,028.2 mi | 61,028.5 mi","562 yd",—,"2802  – 2802",—,—," "
Business,"08/23/22, 04:46 PM | 08/23/22, 05:43 PM","Departure: 1054 Pomona St, Crockett CA 94525, US | Arrival: 2424 Novato Blvd, Novato CA 94945, US","118,602.8 mi | 118,634.2 mi","31.5 mi",—,"3501  – 3501",—,—," "
Business,"08/23/22, 03:42 PM | 08/23/22, 05:34 PM","Departure: 5888 Mission St, San Francisco CA 94112, US | Arrival: DHarris Tours – HQ, Vista del Rio St, Crockett CA 94525, US","375,103.9 mi | 375,137.2 mi","33.3 mi",—,"3801  – 3801",—,—," "
Business,"08/23/22, 04:32 PM | 08/23/22, 04:34 PM","Departure: 464 Rolph Ave, Crockett CA 94525, US | Arrival: 1056 Pomona St, Crockett CA 94525, US","118,602.7 mi | 118,602.8 mi","153 yd",—,"3501  – 3501",—,—," "
Business,"08/23/22, 03:33 PM | 08/23/22, 04:21 PM","Departure: DHarris Tours – HQ, Vista del Rio St, Crockett CA 94525, US | Arrival: 464 Rolph Ave, Crockett CA 94525, US","118,600.7 mi | 118,602.7 mi","2.0 mi",—,"3501  – 3501",—,—," "
Business,"08/23/22, 03:01 PM | 08/23/22, 03:44 PM","Departure: 178 Chattanooga St, San Francisco CA 94114, US | Arrival: 1052 York St, San Francisco CA 94110, US","25,214.9 mi | 25,218.2 mi","3.2 mi",—,"3601  – 3601",—,—," "
Business,"08/23/22, 03:11 PM | 08/23/22, 03:44 PM","Departure: 2166 Bancroft Ave, San Leandro CA 94577, US | Arrival: 301 Bonita Ave, Piedmont CA 94611, US","61,016.1 mi | 61,028.2 mi","12.1 mi",—,"2802  – 2802",—,—," "
Business,"08/23/22, 03:11 PM | 08/23/22, 03:19 PM","Departure: 101 Bertita St, San Francisco CA 94112, US | Arrival: 5886 Mission St, San Francisco CA 94112, US","375,102.8 mi | 375,103.9 mi","1.1 mi",—,"3801  – 3801",—,—," "
Business,"08/23/22, 01:46 PM | 08/23/22, 02:50 PM","Departure: DHarris Tours – HQ, Vista del Rio St, Crockett CA 94525, US | Arrival: 176 Chattanooga St, San Francisco CA 94114, US","25,186.2 mi | 25,214.9 mi","28.7 mi",—,"3601  – 3601",—,—," "
Business,"08/23/22, 01:44 PM | 08/23/22, 02:31 PM","Departure: DHarris Tours – HQ, 2217 Vista del Rio St, Crockett CA 94525, US | Arrival: 2166 Bancroft Ave, San Leandro CA 94577, US","60,982.3 mi | 61,016.1 mi","33.9 mi",—,"2802  – 2802",—,—," "
Business,"08/23/22, 02:13 PM | 08/23/22, 02:29 PM","Departure: 32 Yale St, San Francisco CA 94134, US | Arrival: 101 Bertita St, San Francisco CA 94112, US","375,100.8 mi | 375,102.8 mi","2.0 mi",—,"3801  – 3801",—,—," "
Business,"08/23/22, 11:44 AM | 08/23/22, 01:49 PM","Departure: DHarris Tours – HQ, San Pablo Ave, Crockett CA 94525, US | Arrival: 30 Yale St, San Francisco CA 94134, US","375,063.1 mi | 375,100.8 mi","37.8 mi",—,"3801  – 3801",—,—," "
Business,"08/23/22, 01:02 PM | 08/23/22, 01:27 PM","Departure: Wattis Way, South San Francisco CA 94080, US | Arrival: 357 Goettingen St, San Francisco CA 94134, US","127,815.4 mi | 127,822.4 mi","7.0 mi",—,"4001  – 4001",—,—," "
Business,"08/22/22, 02:15 PM | 08/22/22, 05:55 PM","Departure: 368 Goettingen St, San Francisco CA 94134, US | Arrival: DHarris Tours – HQ, Vista del Rio St, Crockett CA 94525, US","375,018.8 mi | 375,063.1 mi","44.3 mi",—,"3801  – 3801",—,—," "
Business,"08/22/22, 01:20 PM | 08/22/22, 05:17 PM","Departure: DHarris Tours – HQ, Vista del Rio St, Crockett CA 94525, US | Arrival: DHarris Tours – HQ, 2271 Vista del Rio St, Crockett CA 94525, US","100,671.5 mi | 100,733.8 mi","62.3 mi",—,"4402  – 4402",—,—," "
Business,"08/22/22, 02:21 PM | 08/22/22, 02:45 PM","Departure: 49 Yale St, San Francisco CA 94134, US | Arrival: 2804 Alemany Blvd, San Francisco CA 94112, US","127,801.4 mi | 127,804.2 mi","2.8 mi",—,"4001  – 4001",—,—," "
Business,"08/22/22, 01:01 PM | 08/22/22, 01:37 PM","Departure: Utah Ave, South San Francisco CA 94080, US | Arrival: 43 Yale St, San Francisco CA 94134, US","127,792.4 mi | 127,801.4 mi","9.1 mi",—,"4001  – 4001",—,—," "
Business,"08/22/22, 12:37 PM | 08/22/22, 01:31 PM","Departure: DHarris Tours – HQ, 2239 Vista del Rio St, Crockett CA 94525, US | Arrival: 366 Goettingen St, San Francisco CA 94134, US","374,988.9 mi | 375,018.8 mi","29.9 mi",—,"3801  – 3801",—,—," "
Business,"08/21/22, 01:30 PM | 08/21/22, 02:08 PM","Departure: DHarris Tours – HQ, Vista del Rio St, Crockett CA 94525, US | Arrival: DHarris Tours – HQ, Vista del Rio St, Crockett CA 94525, US","374,986.3 mi | 374,988.9 mi","2.7 mi",—,"3801  – 3801",—,—," "
Business,"08/20/22, 01:16 PM | 08/20/22, 02:52 PM","Departure: French Ct, San Francisco CA 94129, US | Arrival: DHarris Tours – HQ, Vista del Rio St, Crockett CA 94525, US","25,141.7 mi | 25,186.2 mi","44.4 mi",—,"3601  – 3601",—,—," "
Business,"08/20/22, 12:59 PM | 08/20/22, 01:01 PM","Departure: DHarris Tours – HQ, 2231 Vista del Rio St, Crockett CA 94525, US | Arrival: DHarris Tours – HQ, Vista del Rio St, Crockett CA 94525, US","374,986.2 mi | 374,986.3 mi","108 yd",—,"3801  – 3801",—,—," "
Business,"08/20/22, 10:19 AM | 08/20/22, 10:32 AM","Departure: DHarris Tours – HQ, San Pablo Ave, Crockett CA 94525, US | Arrival: DHarris Tours – HQ, San Pablo Ave, Crockett CA 94525, US","374,986.2 mi | 374,986.2 mi","110 yd",—,"3801  – 3801",—,—," "
Business,"08/20/22, 10:13 AM | 08/20/22, 10:20 AM","Departure: 2793 Lombard St, San Francisco CA 94129, US | Arrival: French Ct, San Francisco CA 94129, US","25,140.5 mi | 25,141.7 mi","1.3 mi",—,"3601  – 3601",—,—," "
Business,"08/20/22, 09:12 AM | 08/20/22, 10:02 AM","Departure: 1473 Fruitvale Ave, Oakland CA 94601, US | Arrival: 2793 Lombard St, San Francisco CA 94129, US","25,120.2 mi | 25,140.5 mi","20.2 mi",—,"3601  – 3601",—,—," "
Business,"08/20/22, 07:40 AM | 08/20/22, 08:30 AM","Departure: DHarris Tours – HQ, Vista del Rio St, Crockett CA 94525, US | Arrival: 1473 Fruitvale Ave, Oakland CA 94601, US","25,094.4 mi | 25,120.2 mi","25.8 mi",—,"3601  – 3601",—,—," "
Business,"08/19/22, 07:31 PM | 08/19/22, 08:40 PM","Departure: DHarris Tours – HQ, 2199 Vista del Rio St, Crockett CA 94525, US | Arrival: DHarris Tours – HQ, 2221 Vista del Rio St, Crockett CA 94525, US","60,966.7 mi | 60,982.3 mi","15.6 mi",—,"2802  – 2802",—,—," "
Business,"08/19/22, 07:14 PM | 08/19/22, 08:03 PM","Departure: 24540 Mission Blvd, Hayward CA 94544, US | Arrival: 3488 Richmond Pkwy, San Pablo CA 94806, US","5,362.0 mi | 5,394.5 mi","32.6 mi",—,"2503  – 2503",—,—," "
Business,"08/19/22, 01:18 PM | 08/19/22, 06:26 PM","Departure: DHarris Tours – HQ, San Pablo Ave, Crockett CA 94525, US | Arrival: DHarris Tours – HQ, Vista del Rio St, Crockett CA 94525, US","374,923.1 mi | 374,986.2 mi","63.1 mi",—,"3801  – 3801",—,—," "
Business,"08/19/22, 03:53 PM | 08/19/22, 05:43 PM","Departure: Morse – Boys & Girls Club, 743 Morse St, San Francisco CA 94112, US | Arrival: DHarris Tours – HQ, Vista del Rio St, Crockett CA 94525, US","25,062.3 mi | 25,094.4 mi","32.1 mi",—,"3601  – 3601",—,—," "
Business,"08/19/22, 02:56 PM | 08/19/22, 04:45 PM","Departure: 726 Hoffman Blvd, Richmond CA 94804, US | Arrival: DHarris Tours – HQ, 2219 Vista del Rio St, Crockett CA 94525, US","60,939.3 mi | 60,966.7 mi","27.4 mi",—,"2802  – 2802",—,—," "
Business,"08/19/22, 03:16 PM | 08/19/22, 03:42 PM","Departure: 5779 Mission St, San Francisco CA 94112, US | Arrival: Morse – Boys & Girls Club, 743 Morse St, San Francisco CA 94112, US","25,062.0 mi | 25,062.3 mi","649 yd",—,"3601  – 3601",—,—," "
Business,"08/19/22, 02:01 PM | 08/19/22, 03:13 PM","Departure: DHarris Tours – HQ, 67 San Pablo Ave, Crockett CA 94525, US | Arrival: Calhoun St, Hayward CA 94544, US","5,319.5 mi | 5,360.1 mi","40.7 mi",—,"2503  – 2503",—,—," "
Business,"08/19/22, 02:15 PM | 08/19/22, 03:05 PM","Departure: 34 Yale St, San Francisco CA 94134, US | Arrival: 5779 Mission St, San Francisco CA 94112, US","25,058.1 mi | 25,062.0 mi","3.9 mi",—,"3601  – 3601",—,—," "
Business,"08/19/22, 01:37 PM | 08/19/22, 02:36 PM","Departure: 50 Muir Woods Rd, Mill Valley CA 94941, US | Arrival: 722 Hoffman Blvd, Richmond CA 94804, US","60,914.4 mi | 60,939.3 mi","25.0 mi",—,"2802  – 2802",—,—," "
Business,"08/19/22, 12:43 PM | 08/19/22, 01:47 PM","Departure: DHarris Tours – HQ, Vista del Rio St, Crockett CA 94525, US | Arrival: 38 Yale St, San Francisco CA 94134, US","25,028.0 mi | 25,058.1 mi","30.1 mi",—,"3601  – 3601",—,—," "
Business,"08/19/22, 12:33 PM | 08/19/22, 01:08 PM","Departure: Utah Ave, South San Francisco CA 94080, US | Arrival: 178 Gateway Blvd, South San Francisco CA 94080, US","127,757.4 mi | 127,758.3 mi","0.9 mi",—,"4001  – 4001",—,—," "
Business,"08/19/22, 09:46 AM | 08/19/22, 10:20 AM","Departure: 60 Canal St, San Rafael CA 94901, US | Arrival: 52 Muir Woods Rd, Mill Valley CA 94941, US","60,901.6 mi | 60,914.4 mi","12.8 mi",—,"2802  – 2802",—,—," "
Business,"08/19/22, 08:32 AM | 08/19/22, 09:21 AM","Departure: DHarris Tours – HQ, 2217 Vista del Rio St, Crockett CA 94525, US | Arrival: 60 Canal St, San Rafael CA 94901, US","60,876.7 mi | 60,901.6 mi","24.9 mi",—,"2802  – 2802",—,—," "
Business,"08/18/22, 06:43 PM | 08/18/22, 07:50 PM","Departure: Calhoun St, Hayward CA 94544, US | Arrival: DHarris Tours – HQ, 2221 Vista del Rio St, Crockett CA 94525, US","60,835.6 mi | 60,876.7 mi","41.1 mi",—,"2802  – 2802",—,—," "
Business,"08/18/22, 02:20 PM | 08/18/22, 06:07 PM","Departure: 366 Goettingen St, San Francisco CA 94134, US | Arrival: DHarris Tours – HQ, Vista del Rio St, Crockett CA 94525, US","374,878.6 mi | 374,923.1 mi","44.5 mi",—,"3801  – 3801",—,—," "
Business,"08/18/22, 05:57 PM | 08/18/22, 06:03 PM","Departure: Mission Blvd, Hayward CA 94544, US | Arrival: Calhoun St, Hayward CA 94544, US","60,835.1 mi | 60,835.6 mi","904 yd",—,"2802  – 2802",—,—," "
Business,"08/18/22, 03:52 PM | 08/18/22, 04:39 PM","Departure: Mission Blvd, Hayward CA 94544, US | Arrival: Mission Blvd, Hayward CA 94544, US","60,817.5 mi | 60,835.1 mi","17.6 mi",—,"2802  – 2802",—,—," "
Business,"08/18/22, 03:15 PM | 08/18/22, 03:37 PM","Departure: 126 Chattanooga St, San Francisco CA 94114, US | Arrival: 1053 York St, San Francisco CA 94110, US","127,742.8 mi | 127,745.2 mi","2.4 mi",—,"4001  – 4001",—,—," "
Business,"08/18/22, 02:44 PM | 08/18/22, 03:25 PM","Departure: 2190 Bancroft Ave, San Leandro CA 94577, US | Arrival: Mission Blvd, Hayward CA 94544, US","60,808.1 mi | 60,817.5 mi","9.4 mi",—,"2802  – 2802",—,—," "
Business,"08/18/22, 02:14 PM | 08/18/22, 02:42 PM","Departure: Utah Ave, South San Francisco CA 94080, US | Arrival: 120 Chattanooga St, San Francisco CA 94114, US","127,733.2 mi | 127,742.8 mi","9.7 mi",—,"4001  – 4001",—,—," "
Business,"08/18/22, 01:30 PM | 08/18/22, 02:32 PM","Departure: 401 Parker Ave, Rodeo CA 94572, US | Arrival: 2188 Bancroft Ave, San Leandro CA 94577, US","60,777.1 mi | 60,808.1 mi","30.9 mi",—,"2802  – 2802",—,—," "
Business,"08/18/22, 12:19 PM | 08/18/22, 01:17 PM","Departure: DHarris Tours – HQ, 2247 Vista del Rio St, Crockett CA 94525, US | Arrival: 313 Goettingen St, San Francisco CA 94134, US","374,849.0 mi | 374,878.6 mi","29.6 mi",—,"3801  – 3801",—,—," "
Business,"08/18/22, 12:44 PM | 08/18/22, 01:17 PM","Departure: DHarris Tours – HQ, Vista del Rio St, Crockett CA 94525, US | Arrival: 401 Parker Ave, Rodeo CA 94572, US","60,774.5 mi | 60,777.1 mi","2.6 mi",—,"2802  – 2802",—,—," "
Business,"08/18/22, 12:06 PM | 08/18/22, 12:09 PM","Departure: DHarris Tours – HQ, 2225 Vista del Rio St, Crockett CA 94525, US | Arrival: DHarris Tours – HQ, Vista del Rio St, Crockett CA 94525, US","60,774.4 mi | 60,774.5 mi","262 yd",—,"2802  – 2802",—,—," "
Business,"08/17/22, 02:31 PM | 08/17/22, 04:48 PM","Departure: 1050 York St, San Francisco CA 94110, US | Arrival: DHarris Tours – HQ, Vista del Rio St, Crockett CA 94525, US","374,818.5 mi | 374,849.0 mi","30.5 mi",—,"3801  – 3801",—,—," "
Business,"08/17/22, 02:10 PM | 08/17/22, 02:23 PM","Departure: 976 Naples St, San Francisco CA 94112, US | Arrival: Morse – Boys & Girls Club, 748 Morse St, San Francisco CA 94112, US","127,720.9 mi | 127,722.8 mi","1.9 mi",—,"4001  – 4001",—,—," "
Business,"08/17/22, 01:07 PM | 08/17/22, 01:58 PM","Departure: 34 Yale St, San Francisco CA 94134, US | Arrival: 976 Naples St, San Francisco CA 94112, US","127,712.9 mi | 127,720.9 mi","8.0 mi",—,"4001  – 4001",—,—," "
Business,"08/17/22, 11:22 AM | 08/17/22, 01:41 PM","Departure: DHarris Tours – HQ, Vista del Rio St, Crockett CA 94525, US | Arrival: 1048 York St, San Francisco CA 94110, US","374,785.9 mi | 374,818.5 mi","32.6 mi",—,"3801  – 3801",—,—," "
Business,"08/17/22, 11:44 AM | 08/17/22, 12:09 PM","Departure: Utah Ave, South San Francisco CA 94080, US | Arrival: 37 Yale St, San Francisco CA 94134, US","127,705.3 mi | 127,712.9 mi","7.6 mi",—,"4001  – 4001",—,—," "
Business,"08/15/22, 11:10 AM | 08/15/22, 11:21 AM","Departure: 405 Parker Ave, Rodeo CA 94572, US | Arrival: DHarris Tours – HQ, 77 San Pablo Ave, Crockett CA 94525, US","100,669.1 mi | 100,671.5 mi","2.4 mi",—,"4402  – 4402",—,—," "
Business,"08/12/22, 02:10 PM | 08/12/22, 05:39 PM","Departure: 20391 E State Route 88 Hwy, Clements CA 95227, US | Arrival: DHarris Tours – HQ, Vista del Rio St, Crockett CA 94525, US","100,545.5 mi | 100,666.4 mi","120.9 mi",—,"4402  – 4402",—,—," "
Business,"08/12/22, 01:37 PM | 08/12/22, 01:46 PM","Departure: French Bar Rd, Jackson CA 95642, US | Arrival: 10696 N State Highway 49-88, Jackson CA 95642, US","100,527.7 mi | 100,530.4 mi","2.7 mi",—,"4402  – 4402",—,—," "
Business,"08/12/22, 10:54 AM | 08/12/22, 12:47 PM","Departure: 407 Parker Ave, Rodeo CA 94572, US | Arrival: 13218 E Highway 88, Lockeford CA 95237, US","100,416.1 mi | 100,519.9 mi","103.8 mi",—,"4402  – 4402",—,—," "
Business,"08/11/22, 05:23 PM | 08/11/22, 05:32 PM","Departure: DHarris Tours – HQ, Vista del Rio St, Crockett CA 94525, US | Arrival: DHarris Tours – HQ, Vista del Rio St, Crockett CA 94525, US","100,416.0 mi | 100,416.1 mi","108 yd",—,"4402  – 4402",—,—," "
Business,"08/11/22, 07:18 AM | 08/11/22, 04:39 PM","Departure: DHarris Tours – HQ, Vista del Rio St, Crockett CA 94525, US | Arrival: DHarris Tours – HQ, Vista del Rio St, Crockett CA 94525, US","118,239.3 mi | 118,600.7 mi","361.4 mi",—,"3501  – 3501",—,—," "
Business,"08/11/22, 03:56 PM | 08/11/22, 04:32 PM","Departure: 161 Quint St, San Francisco CA 94124, US | Arrival: San Francisco-Oakland Bay Bridge, Oakland CA 94607, US","100,385.4 mi | 100,394.1 mi","8.7 mi",—,"4402  – 4402",—,—," "
Business,"08/11/22, 02:50 PM | 08/11/22, 02:55 PM","Departure: Anza St, San Francisco CA 94129, US | Arrival: French Ct, San Francisco CA 94129, US","100,381.7 mi | 100,382.2 mi","766 yd",—,"4402  – 4402",—,—," "
Business,"08/11/22, 01:37 PM | 08/11/22, 01:56 PM","Departure: 193 Montgomery St, San Francisco CA 94129, US | Arrival: 178 Sheridan Ave, San Francisco CA 94129, US","100,381.5 mi | 100,381.7 mi","392 yd",—,"4402  – 4402",—,—," "
Business,"08/11/22, 11:11 AM | 08/11/22, 11:33 AM","Departure: 121 Quint St, San Francisco CA 94124, US | Arrival: 119 Quint St, San Francisco CA 94124, US","100,379.7 mi | 100,381.5 mi","1.8 mi",—,"4402  – 4402",—,—," "
Business,"08/09/22, 01:49 PM | 08/09/22, 05:12 PM","Departure: 48 Muir Woods Rd, Mill Valley CA 94941, US | Arrival: DHarris Tours – HQ, Vista del Rio St, Crockett CA 94525, US","24,977.4 mi | 25,028.0 mi","50.6 mi",—,"3601  – 3601",—,—," "
Business,"08/09/22, 08:53 AM | 08/09/22, 11:27 AM","Departure: DHarris Tours – HQ, Vista del Rio St, Crockett CA 94525, US | Arrival: 48 Muir Woods Rd, Mill Valley CA 94941, US","24,927.0 mi | 24,977.4 mi","50.4 mi",—,"3601  – 3601",—,—," "
Business,"08/08/22, 10:58 AM | 08/08/22, 10:59 AM","Departure: DHarris Tours – HQ, 2223 Vista del Rio St, Crockett CA 94525, US | Arrival: DHarris Tours – HQ, Vista del Rio St, Crockett CA 94525, US","60,774.3 mi | 60,774.4 mi","95 yd",—,"2802  – 2802",—,—," "
Business,"08/07/22, 04:39 PM | 08/07/22, 07:05 PM","Departure: French Bar Rd, Jackson CA 95642, US | Arrival: DHarris Tours – HQ, Vista del Rio St, Crockett CA 94525, US","100,247.3 mi | 100,378.1 mi","130.8 mi",—,"4402  – 4402",—,—," "
Business,"08/07/22, 02:20 PM | 08/07/22, 02:37 PM","Departure: 2132 Bancroft Ave, San Leandro CA 94577, US | Arrival: Interstate Highway 580 E, Pleasanton CA 94588, US","100,223.0 mi | 100,238.2 mi","15.2 mi",—,"4402  – 4402",—,—," "
Business,"08/07/22, 11:31 AM | 08/07/22, 11:52 AM","Departure: 1458 136th Ave, San Leandro CA 94578, US | Arrival: 2168 Bancroft Ave, San Leandro CA 94577, US","100,222.7 mi | 100,223.0 mi","480 yd",—,"4402  – 4402",—,—," "
Business,"08/07/22, 10:26 AM | 08/07/22, 11:01 AM","Departure: 604 4th St, Rodeo CA 94572, US | Arrival: 674 Dolores Ave, San Leandro CA 94577, US","100,192.4 mi | 100,221.6 mi","29.2 mi",—,"4402  – 4402",—,—," "
Business,"08/06/22, 09:48 PM | 08/07/22, 12:30 AM","Departure: 2799 Lincoln Way, San Francisco CA 94122, US | Arrival: Cummings Skwy, Crockett CA 94525, US","100,150.0 mi | 100,191.5 mi","41.5 mi",—,"4402  – 4402",—,—," "
Business,"08/06/22, 08:55 PM | 08/06/22, 09:19 PM","Departure: Sunset Blvd, San Francisco CA 94122, US | Arrival: 1253 Sunset Blvd, San Francisco CA 94122, US","100,148.7 mi | 100,148.9 mi","317 yd",—,"4402  – 4402",—,—," "
Business,"08/06/22, 08:24 PM | 08/06/22, 08:36 PM","Departure: DHarris Tours – HQ, Vista del Rio St, Crockett CA 94525, US | Arrival: DHarris Tours – HQ, Vista del Rio St, Crockett CA 94525, US","374,785.6 mi | 374,785.9 mi","525 yd",—,"3801  – 3801",—,—," "
Business,"08/06/22, 01:50 PM | 08/06/22, 02:40 PM","Departure: 702 Tennessee Valley Trl, Mill Valley CA 94941, US | Arrival: Interstate Highway 80 E, Rodeo CA 94572, US","100,104.7 mi | 100,137.0 mi","32.2 mi",—,"4402  – 4402",—,—," "
Business,"08/06/22, 09:35 AM | 08/06/22, 09:59 AM","Departure: 113 Bahia Way, San Rafael CA 94901, US | Arrival: 702 Tennessee Valley Trl, Mill Valley CA 94941, US","100,095.3 mi | 100,104.7 mi","9.4 mi",—,"4402  – 4402",—,—," "
Business,"08/06/22, 08:48 AM | 08/06/22, 08:52 AM","Departure: 113 Bahia Way, San Rafael CA 94901, US | Arrival: 113 Bahia Way, San Rafael CA 94901, US","100,094.5 mi | 100,095.3 mi","0.8 mi",—,"4402  – 4402",—,—," "
Business,"08/05/22, 04:09 PM | 08/05/22, 06:15 PM","Departure: Marinship Way, Sausalito CA 94965, US | Arrival: DHarris Tours – HQ, 2207 Vista del Rio St, Crockett CA 94525, US","281,789.0 mi | 281,819.2 mi","30.2 mi",—,"2302  – 2302",—,—," "
Business,"08/05/22, 01:02 PM | 08/05/22, 02:04 PM","Departure: 75 Belvedere Dr, Mill Valley CA 94941, US | Arrival: Marinship Way, Sausalito CA 94965, US","281,784.6 mi | 281,789.0 mi","4.5 mi",—,"2302  – 2302",—,—," "
Business,"08/05/22, 09:31 AM | 08/05/22, 12:03 PM","Departure: DHarris Tours – HQ, 2213 Vista del Rio St, Crockett CA 94525, US | Arrival: 75 Belvedere Dr, Mill Valley CA 94941, US","281,747.1 mi | 281,784.6 mi","37.5 mi",—,"2302  – 2302",—,—," "
Business,"08/04/22, 02:48 PM | 08/04/22, 04:12 PM","Departure: 76 Capp St, San Francisco CA 94110, US | Arrival: DHarris Tours – HQ, Vista del Rio St, Crockett CA 94525, US","24,898.4 mi | 24,927.0 mi","28.6 mi",—,"3601  – 3601",—,—," "
Business,"08/04/22, 02:03 PM | 08/04/22, 03:46 PM","Departure: 1352 Lowrie Ave, South San Francisco CA 94080, US | Arrival: DHarris Tours – HQ, 2209 Vista del Rio St, Crockett CA 94525, US","281,710.3 mi | 281,747.1 mi","36.9 mi",—,"2302  – 2302",—,—," "
Business,"08/04/22, 01:25 PM | 08/04/22, 02:36 PM","Departure: 44 Muir Woods Rd, Mill Valley CA 94941, US | Arrival: 157 Capp St, San Francisco CA 94110, US","24,878.4 mi | 24,898.4 mi","20.1 mi",—,"3601  – 3601",—,—," "
Business,"08/04/22, 10:03 AM | 08/04/22, 11:09 AM","Departure: 80 Capp St, San Francisco CA 94110, US | Arrival: 46 Muir Woods Rd, Mill Valley CA 94941, US","24,861.0 mi | 24,878.4 mi","17.4 mi",—,"3601  – 3601",—,—," "
Business,"08/04/22, 08:29 AM | 08/04/22, 09:31 AM","Departure: DHarris Tours – HQ, Vista del Rio St, Crockett CA 94525, US | Arrival: 80 Capp St, San Francisco CA 94110, US","24,833.8 mi | 24,861.0 mi","27.2 mi",—,"3601  – 3601",—,—," "
Business,"08/03/22, 04:43 PM | 08/03/22, 08:43 PM","Departure: 548A, Ukiah CA, US | Arrival: DHarris Tours – HQ, 2219 Vista del Rio St, Crockett CA 94525, US","60,622.2 mi | 60,774.3 mi","152.1 mi",—,"2802  – 2802",—,—," "
Business,"08/03/22, 07:52 PM | 08/03/22, 08:42 PM","Departure: Daly City CA 94014, US | Arrival: DHarris Tours – HQ, Vista del Rio St, Crockett CA 94525, US","118,206.8 mi | 118,239.3 mi","32.5 mi",—,"3501  – 3501",—,—," "
Business,"08/03/22, 04:41 PM | 08/03/22, 08:42 PM","Departure: 548A, Ukiah CA, US | Arrival: DHarris Tours – HQ, Vista del Rio St, Crockett CA 94525, US","24,681.4 mi | 24,833.8 mi","152.4 mi",—,"3601  – 3601",—,—," "
Business,"08/03/22, 04:41 PM | 08/03/22, 07:36 PM","Departure: Airport Park Blvd, Ukiah CA 95482, US | Arrival: Daly City CA 94014, US","118,087.1 mi | 118,206.8 mi","119.8 mi",—,"3501  – 3501",—,—," "
Business,"08/03/22, 02:22 PM | 08/03/22, 07:30 PM","Departure: Fort Bragg CA 95437, US | Arrival: Geneva Ave, Daly City CA 94014, US","127,484.5 mi | 127,652.3 mi","167.8 mi",—,"4001  – 4001",—,—," "
Business,"08/03/22, 04:44 PM | 08/03/22, 06:35 PM","Departure: 58th St, Oakland CA 94609, US | Arrival: DHarris Tours – HQ, 69 San Pablo Ave, Crockett CA 94525, US","5,279.6 mi | 5,319.5 mi","39.9 mi",—,"2503  – 2503",—,—," "
Business,"08/03/22, 02:08 PM | 08/03/22, 04:16 PM","Departure: Fort Bragg CA 95437, US | Arrival: 548A, Ukiah CA, US","60,575.5 mi | 60,622.2 mi","46.7 mi",—,"2802  – 2802",—,—," "
Business,"08/03/22, 02:15 PM | 08/03/22, 04:14 PM","Departure: Fort Bragg CA 95437, US | Arrival: Airport Park Blvd, Ukiah CA 95482, US","118,040.6 mi | 118,087.1 mi","46.4 mi",—,"3501  – 3501",—,—," "
Business,"08/03/22, 12:50 PM | 08/03/22, 04:14 PM","Departure: 1083 S State St, Ukiah CA 95482, US | Arrival: 548A, Ukiah CA, US","24,586.8 mi | 24,681.4 mi","94.6 mi",—,"3601  – 3601",—,—," "
Business,"08/03/22, 02:52 PM | 08/03/22, 03:52 PM","Departure: DHarris Tours – HQ, 69 San Pablo Ave, Crockett CA 94525, US | Arrival: 759 58th St, Oakland CA 94609, US","5,257.4 mi | 5,279.6 mi","22.2 mi",—,"2503  – 2503",—,—," "
Business,"08/03/22, 02:55 PM | 08/03/22, 03:14 PM","Departure: 1462 San Mateo Ave, South San Francisco CA 94080, US | Arrival: 1354 Lowrie Ave, South San Francisco CA 94080, US","281,708.2 mi | 281,710.3 mi","2.1 mi",—,"2302  – 2302",—,—," "
Business,"08/03/22, 02:11 PM | 08/03/22, 02:13 PM","Departure: 1411 San Mateo Ave, South San Francisco CA 94080, US | Arrival: 1464 San Mateo Ave, South San Francisco CA 94080, US","281,708.0 mi | 281,708.2 mi","324 yd",—,"2302  – 2302",—,—," "
Business,"08/03/22, 01:29 PM | 08/03/22, 01:57 PM","Departure: 1405 San Mateo Ave, South San Francisco CA 94080, US | Arrival: 1411 San Mateo Ave, South San Francisco CA 94080, US","281,700.3 mi | 281,708.0 mi","7.7 mi",—,"2302  – 2302",—,—," "
Business,"08/03/22, 12:42 PM | 08/03/22, 01:49 PM","Departure: 1250 S Main St, Willits CA 95490, US | Arrival: Fort Bragg CA 95437, US","118,017.3 mi | 118,040.6 mi","23.3 mi",—,"3501  – 3501",—,—," "
Business,"08/03/22, 10:11 AM | 08/03/22, 01:48 PM","Departure: 1965 Sears Point Rd, Petaluma CA 94954, US | Arrival: Fort Bragg CA 95437, US","60,442.0 mi | 60,575.5 mi","133.6 mi",—,"2802  – 2802",—,—," "
Business,"08/03/22, 10:23 AM | 08/03/22, 01:01 PM","Departure: Redwood Dr, Rohnert Park CA 94928, US | Arrival: Fort Bragg CA 95437, US","127,373.2 mi | 127,484.5 mi","111.3 mi",—,"4001  – 4001",—,—," "
Business,"08/03/22, 10:21 AM | 08/03/22, 12:40 PM","Departure: DHarris Tours – HQ, Vista del Rio St, Crockett CA 94525, US | Arrival: 1083 S State St, Ukiah CA 95482, US","24,474.9 mi | 24,586.8 mi","111.9 mi",—,"3601  – 3601",—,—," "
Business,"08/03/22, 09:21 AM | 08/03/22, 12:26 PM","Departure: DHarris Tours – HQ, 2223 Vista del Rio St, Crockett CA 94525, US | Arrival: 1252 S Main St, Willits CA 95490, US","117,884.5 mi | 118,017.3 mi","132.8 mi",—,"3501  – 3501",—,—," "
Business,"08/03/22, 11:47 AM | 08/03/22, 11:51 AM","Departure: 1349 Lowrie Ave, South San Francisco CA 94080, US | Arrival: 1407 San Mateo Ave, South San Francisco CA 94080, US","281,699.7 mi | 281,700.3 mi","935 yd",—,"2302  – 2302",—,—," "
Business,"08/03/22, 10:59 AM | 08/03/22, 11:50 AM","Departure: 1977 Sears Point Rd, Petaluma CA 94954, US | Arrival: DHarris Tours – HQ, Vista del Rio St, Crockett CA 94525, US","374,756.2 mi | 374,785.6 mi","29.5 mi",—,"3801  – 3801",—,—," "
Business,"08/03/22, 08:56 AM | 08/03/22, 10:25 AM","Departure: DHarris Tours – HQ, Vista del Rio St, Crockett CA 94525, US | Arrival: 1979 Sears Point Rd, Petaluma CA 94954, US","374,733.6 mi | 374,756.2 mi","22.6 mi",—,"3801  – 3801",—,—," "
Business,"08/03/22, 08:34 AM | 08/03/22, 10:02 AM","Departure: Daly City CA 94014, US | Arrival: Redwood Dr, Rohnert Park CA 94928, US","127,319.0 mi | 127,373.2 mi","54.3 mi",—,"4001  – 4001",—,—," "
Business,"08/03/22, 09:07 AM | 08/03/22, 10:00 AM","Departure: DHarris Tours – HQ, Vista del Rio St, Crockett CA 94525, US | Arrival: 1963 Sears Point Rd, Petaluma CA 94954, US","60,419.4 mi | 60,442.0 mi","22.6 mi",—,"2802  – 2802",—,—," "
Business,"08/03/22, 07:34 AM | 08/03/22, 07:40 AM","Departure: 2660 Geneva Ave, Daly City CA 94014, US | Arrival: Martin St, Daly City CA 94014, US","127,318.5 mi | 127,319.0 mi","891 yd",—,"4001  – 4001",—,—," "
Business,"08/03/22, 06:45 AM | 08/03/22, 07:22 AM","Departure: Utah Ave, South San Francisco CA 94080, US | Arrival: 2667 Geneva Ave, Daly City CA 94014, US","127,311.6 mi | 127,318.5 mi","6.9 mi",—,"4001  – 4001",—,—," "
Business,"08/02/22, 01:20 PM | 08/02/22, 02:33 PM","Departure: DHarris Tours – HQ, 2211 Vista del Rio St, Crockett CA 94525, US | Arrival: 1354 Lowrie Ave, South San Francisco CA 94080, US","281,662.0 mi | 281,699.7 mi","37.7 mi",—,"2302  – 2302",—,—," "
Business,"08/02/22, 02:14 PM | 08/02/22, 02:15 PM","Departure: 1458 San Mateo Ave, South San Francisco CA 94080, US | Arrival: 1433 San Mateo Ave, South San Francisco CA 94080, US","100,089.5 mi | 100,089.7 mi","432 yd",—,"4402  – 4402",—,—," "
Business,"08/02/22, 09:56 AM | 08/02/22, 12:00 PM","Departure: Ucsf Ln, San Francisco CA 94158, US | Arrival: DHarris Tours – HQ, 2221 Vista del Rio St, Crockett CA 94525, US","5,224.0 mi | 5,257.4 mi","33.4 mi",—,"2503  – 2503",—,—," "
Business,"08/02/22, 08:30 AM | 08/02/22, 09:44 AM","Departure: DHarris Tours – HQ, 2219 Vista del Rio St, Crockett CA 94525, US | Arrival: Ucsf Ln, San Francisco CA 94158, US","5,195.7 mi | 5,224.0 mi","28.3 mi",—,"2503  – 2503",—,—," "
Business,"08/01/22, 04:17 PM | 08/01/22, 04:19 PM","Departure: DHarris Tours – HQ, San Pablo Ave, Crockett CA 94525, US | Arrival: DHarris Tours – HQ, 2221 Vista del Rio St, Crockett CA 94525, US","5,195.5 mi | 5,195.7 mi","335 yd",—,"2503  – 2503",—,—," "
Business,"08/01/22, 01:27 PM | 08/01/22, 02:25 PM","Departure: 1396 San Mateo Ave, South San Francisco CA 94080, US | Arrival: San Mateo Ave, South San Francisco CA 94080, US","100,050.0 mi | 100,064.3 mi","14.3 mi",—,"4402  – 4402",—,—," "
Business,"08/01/22, 11:58 AM | 08/01/22, 12:00 PM","Departure: DHarris Tours – HQ, 2203 Vista del Rio St, Crockett CA 94525, US | Arrival: DHarris Tours – HQ, Vista del Rio St, Crockett CA 94525, US","60,419.3 mi | 60,419.4 mi","77 yd",—,"2802  – 2802",—,—," "
Business,"08/01/22, 11:35 AM | 08/01/22, 11:42 AM","Departure: DHarris Tours – HQ, Vista del Rio St, Crockett CA 94525, US | Arrival: DHarris Tours – HQ, Vista del Rio St, Crockett CA 94525, US","117,884.5 mi | 117,884.5 mi","84 yd",—,"3501  – 3501",—,—," "
Business,"08/01/22, 11:31 AM | 08/01/22, 11:33 AM","Departure: DHarris Tours – HQ, 69 San Pablo Ave, Crockett CA 94525, US | Arrival: DHarris Tours – HQ, San Pablo Ave, Crockett CA 94525, US","281,662.0 mi | 281,662.0 mi","85 yd",—,"2302  – 2302",—,—," "
